state,district,bli,gap,anomaly_score
Bihar,Pashchim Champaran,0.9965536511739425,10699.0,-0.04413165404199404
Bihar,Purbi Champaran,0.999999999900705,10071.0,-0.008941491314629069
Meghalaya,East Jaintia Hills,0.14017895179370304,329.0,-0.003116231462379937
Meghalaya,East Khasi Hills,0.3942927699002406,5748.0,-0.17212863232071363
Meghalaya,West Jaintia Hills,0.24015042975642004,1341.0,-0.05470236430108599
Meghalaya,West Khasi Hills,0.5964180568453854,4862.0,-0.024239304626402003
